id,userID,created_at,full_text,favorite_count,retweet_count
1652107898305011714,Cellbit,2023-04-29 00:29:52+00:00,@Quackity oi,4423,248
1652062724510175235,Cellbit,2023-04-28 21:30:22+00:00,reencontrando um velho amigo https://t.co/NtJyzwRF9c,34934,4087
1652024225513758720,Cellbit,2023-04-28 18:57:23+00:00,"@livesdocellbit vi os argumentos do pessoal, falei com a editora, um update: https://t.co/U0L9Whfq14",5845,762
1646187917507801088,Cellbit,2023-04-12 16:25:58+00:00,@spot_desenhador canon,7100,496
1644048620897857554,Cellbit,2023-04-06 18:45:10+00:00,"@Little_No_One @OrdemParanormal n√£o √© essa! 

essa √© a adatap√ß√£o da primeira temporada em vers√£o f√≠sica.

a webcomic de Enigma do Medo √© algo bem mais simples, que vai ser enviado junto com o lan√ßamento do jogo",1502,28
1638136315270053888,Cellbit,2023-03-21 11:11:47+00:00,o personagem de Ordem que eu mais escrevi sobre nos √∫ltimos 3 anos nunca foi mencionado at√© hoje https://t.co/EvazneQCjR,29755,1601
1633689544376688641,Cellbit,2023-03-09 04:41:54+00:00,@gabicattuzzo ?????,10155,139
1633526191150751745,Cellbit,2023-03-08 17:52:48+00:00,"@makotices Oi, tudo bem? vi sua postagem e algumas das suas respostas aqui e acredito que tem algumas coisas que eu posso pontuar aqui. (logo de cara, foi mal o text√£o, tentei falar sobre tudo que voc√™ mencionou nas respostas)

Assim como qualquer pessoa, o Ordem √© um projeto que evolui com‚Ä¶ https://t.co/NyHfgXKIzG",10340,741
1632048837169758208,Cellbit,2023-03-04 16:02:19+00:00,@TwitchBR ‚ù§Ô∏è,3701,75
1621599043964096514,Cellbit,2023-02-03 19:58:34+00:00,@DickIsANoodle @Mary_MS_Jay sim,966,2
1621598387308052481,Cellbit,2023-02-03 19:55:58+00:00,"@Mary_MS_Jay n√£o tem regra espec√≠fica pra isso no sistema, mas o lore permite sim

as comidas de santo ber√ßo eram hipn√≥ticas por maldi√ß√£o de conhecimento (assim como o ambiente)

d√° pra usar sangue pra intensificar sentimentos e prazeres pela comida

um caf√© amaldi√ßoado com morte ia ser zica",11111,264
1617287609524387840,Cellbit,2023-01-22 22:26:28+00:00,"@chesscom_pt Obrigado por estarem do lado da verdade. Apenas n√≥s, g√™nios (acima de 1000 de rating), sabemos como √© dif√≠cil ser mal interpretado.",6876,270
1609382996309839874,Cellbit,2023-01-01 02:56:21+00:00,obrigado por um ano incrivel.,27004,1904
1607827559013556224,Cellbit,2022-12-27 19:55:36+00:00,@danramosart ta perdoado porque o filme √© bom,923,9
1604677296652156930,Cellbit,2022-12-19 03:17:35+00:00,slipknot ao vivo √© surreal,14090,567
1602997310027452416,Cellbit,2022-12-14 12:01:55+00:00,@Danielsmarconn @bastet_min @luhsetraoficial que porra √© essa,2781,72
1602446144919031808,Cellbit,2022-12-12 23:31:47+00:00,@sh1nelore @lorenaaorsi @erickjacquin em minha defesa foi antes e depois de comer o ovinho da entrada,3282,80
1601755312104824832,Cellbit,2022-12-11 01:46:40+00:00,Obrigado por mais uma hist√≥ria üíö #SinaisDoOutroLado,22145,2895
1601668626750222336,Cellbit,2022-12-10 20:02:12+00:00,N√ìS SOMOS TODOS UM https://t.co/TKfpQYU3J2,13676,2251
1601645303282937856,Cellbit,2022-12-10 18:29:32+00:00,ansioso. animado.,16229,1194
1600905203422826499,Cellbit,2022-12-08 17:28:38+00:00,@Rakin OLA SENHOR BIGODON.,3494,72
1600127928544673793,Cellbit,2022-12-06 14:00:01+00:00,"a maior premia√ß√£o de jogos do mundo est√° de volta

essa quinta, 08/12 √†s 19:00 https://t.co/fiuIbqBhXu",9096,1393
1599005673232007168,Cellbit,2022-12-03 11:40:35+00:00,Bom. Dia! üòÉ Hoje √© S√°bado‚Ä¶!!!! üòé,18656,1509
1598683023976939523,Cellbit,2022-12-02 14:18:29+00:00,@ElSorvete tem sim üò°,6736,135
1598423096033157129,Cellbit,2022-12-01 21:05:38+00:00,"@beamom s√≥ avisando aqui: minha equipe j√° aplicou strike em todos os v√≠deos desse cara que usam trechos do Ordem ou da minha stream

n√£o s√£o poucos.",12776,784
1597410723755622400,Cellbit,2022-11-29 02:02:49+00:00,@CanellaMatheus @kaellzor @colattix foda!! a arte ficou irada tamb√©m,818,3
1594177099514142721,Cellbit,2022-11-20 03:53:33+00:00,@SaikoMene o cara voltou depois de 3 anos e ja meteu rola na minha cara,18102,1104
1594146126273417217,Cellbit,2022-11-20 01:50:28+00:00,4Ô∏è‚É£ #SinaisDoOutroLado,13189,1284
1594059070918782976,Cellbit,2022-11-19 20:04:33+00:00,#SinaisDoOutroLado https://t.co/uEW1jTMlG0,20591,1610
1593477782037749764,Cellbit,2022-11-18 05:34:43+00:00,"@lorenaaorsi incrivel a semelhan√ßa que eu tenho com o light yagami de death note, al√©m de sermos literalmente iguais... temos o mesmo mindset, ambos somos extremamente frios e estrategistas em nossa forma de pensar e agir... bizarro '-' ele me representa muito, somos dois deuses nesse mundo.",10043,733
1591612471194050561,Cellbit,2022-11-13 02:02:38+00:00,@feeeelps ‡∏£—î‡∏†t‡∏Ñ. ‡∏Ñ‡πÄ. ‡∏¢‡∏Ñ‡πÄ ‡∏£‡πè.,8938,749
1591202553596821504,Cellbit,2022-11-11 22:53:46+00:00,"@dwthope esses quatro eram claramente s√≥ photoshop, os agroglifos n√£o existiam de verdade e n√£o tinha nenhuma evid√™ncia real deles al√©m de print de whatsapp",617,17
1590449352677302272,Cellbit,2022-11-09 21:00:49+00:00,@lorenaaorsi https://t.co/jC5YQz12Dw,11834,537
1590126184121368577,Cellbit,2022-11-08 23:36:40+00:00,o paranornormal nao vem pra nossa realidade de maneira facil,10475,849
1590125913098047488,Cellbit,2022-11-08 23:35:35+00:00,ordem paranornormal descontra√ß√£o https://t.co/8pjEWDaIdq,23102,2151
1589764865677471744,Cellbit,2022-11-07 23:40:55+00:00,@Guimottaart acho esse design irado,2226,24
1589410198107877377,Cellbit,2022-11-07 00:11:35+00:00,@lorenaaorsi https://t.co/J6UFd2xmzR,10609,541
1589097676897161221,Cellbit,2022-11-06 03:29:44+00:00,its behind,12132,935
1588617618352529408,Cellbit,2022-11-04 19:42:09+00:00,@lorenaaorsi https://t.co/bSDHoTcUMU,9016,346
1587834596351438853,Cellbit,2022-11-02 15:50:42+00:00,@TheDjow_ ‚ù§Ô∏è,1525,11
1587554298505973762,Cellbit,2022-11-01 21:16:54+00:00,"@HQ_Forma ‚ô• e vai sempre fazer, voc√™ √© genial!",527,2
1587489406784520192,Cellbit,2022-11-01 16:59:03+00:00,@preduu77 CLASSICO,671,3
1587489010213130240,Cellbit,2022-11-01 16:57:28+00:00,"eu tenho orgulho de varias coisas que fiz

mas ver o pessoal recebendo finalmente o livro do RPG em casa √© um sentimento muito especial

eu SEMPRE fico emocionado vendo, n√£o sei explicar

eu amo muito ordem paranormal, nao tem jeito, obrigado por construirem isso comigo https://t.co/eDCPi0otxp",14968,979
1587296259781664768,Cellbit,2022-11-01 04:11:33+00:00,@Danielsmarconn me extrapolei mas j√° voltei √† programa√ß√£o normal,3591,23
1587287860616613888,Cellbit,2022-11-01 03:38:11+00:00,"eu cometi

eu cometi o crime de amar demais",37779,3856
1587214120918683650,Cellbit,2022-10-31 22:45:10+00:00,"@1lenaalov eu flerto meio cringe mesmo, mas ja viram como ela ficou bonita com o cabelo novo?

e ainda aguenta meus papo nerdola

eu tenho sorte pra caralho",19244,1199
1586856458683125761,Cellbit,2022-10-30 23:03:56+00:00,@temporxrybliss @testinhaa_ OASHOANEOAJEPAHSOAUWIAHAHA,243,1
1586853748994973696,Cellbit,2022-10-30 22:53:10+00:00,que fim de semana bom,32533,5017
1586595088884449280,Cellbit,2022-10-30 05:45:21+00:00,"@flopy_fish a gente vai regravar s√≥ o cen√°rio 3d em alguns momentos importantes, nenhuma cena de interpreta√ß√£o vai ser regravada",261,2
1586579724440145926,Cellbit,2022-10-30 04:44:18+00:00,@blankhele n√£o s√≥ eu como toda a equipe do Ordem! todo mundo ama muito esse projeto e t√° muito orgulhoso ‚ô• eu s√≥ tenho a sorte de ter tantas pessoas incriveis que confiam em mim,2941,69
1586562988944904192,Cellbit,2022-10-30 03:37:48+00:00,"@euOVER_ @tweetsdojao @Noblezito @eloart_ @cleysonCafe @amanda_brotto @Bonees_ @LuzianoArts @muellerh_art um trabalho impecavel, MUITO ORGULHO de trabalhar com vcs",2813,99
1586561224900214786,Cellbit,2022-10-30 03:30:47+00:00,@amoraartsy nao deveria! vou checar no neg√≥cio automatico da twitch de ad e tentar diminuir pro RPG,1346,25
1586554016695205889,Cellbit,2022-10-30 03:02:08+00:00,to muito empolgado com essa temporada üíö,18749,1446
1586509803178061824,Cellbit,2022-10-30 00:06:27+00:00,pelo menos √© a melhor temporada pra esse tipo de problema,22866,1841
1586370014264926210,Cellbit,2022-10-29 14:50:59+00:00,√© hoje!!,25235,4532
1584276602636054529,Cellbit,2022-10-23 20:12:31+00:00,"rapazeada..

sem live nessa pr√≥xima semana pra focar na produ√ß√£o de sinais do outro lado

amo vcs vejo voc√™s s√°bado
vai valer a pena
C",23448,1386
1583944392879968257,Cellbit,2022-10-22 22:12:26+00:00,"Vai ser uma hist√≥ria completamente nova, com personagens novos! 

N√£o precisa conhecer NADA de Ordem Paranormal pra assistir essa.

Vejo voc√™s s√°bado que vem üëΩüíö
#SinaisDoOutroLado https://t.co/ZE2fWAH5F7",24459,3994
1583857678648242176,Cellbit,2022-10-22 16:27:51+00:00,a qualquer momento,37297,4005
1577128619847356416,Cellbit,2022-10-04 02:48:59+00:00,"@OnlyFenyx @dassamsacional @OrdemParanormal os s√≠mbolos das rel√≠quias n√£o s√£o exatamente rituais, apesar de usarem os sigilos de eloqu√™ncia. cada um √© √∫nico e eles s√£o mais pr√≥ximos do nosso conceito de ""nomes"" do que comunica√ß√£o",1839,50
1577126219237072896,Cellbit,2022-10-04 02:39:26+00:00,"@dassamsacional @OrdemParanormal um mesmo ritual pode ser conjurado com s√≠mbolos diferentes! √© o mesmo que comunicar algo com palavras diferentes

canonicamente, os dois s√≠mbolos existem, e pessoas diferentes podem ilustrar rituais de maneiras diferentes

at√© agora, s√≥ um ritual tem um s√≠mbolo √∫nico: transcender",9170,206
1575215161497235456,Cellbit,2022-09-28 20:05:35+00:00,@xadre05 tamo junto ‚ô•,354,0
1575212063647203328,Cellbit,2022-09-28 19:53:16+00:00,"sei nem explicar o sentimento de orgulho

demorou mas ta nascendo

meu filhinho cheio de monstro horroroso pra causar destrui√ß√£o morte caos tristeza desespero

meu anjinho precioso https://t.co/35oo5KxYOu",20372,2106
1575207248217116672,Cellbit,2022-09-28 19:34:08+00:00,"@p0ntodeonibus @Batata28779592 @Nan_Yelo isso! no geral, todo mestre precisa definir DTs o tempo todo no jogo

ordem √© de terror, as criaturas s√£o feitas pra serem dif√≠ceis, mas se um mestre sente que seu grupo ainda √© iniciante demais e quer fazer um desafio mais leve, ele pode sempre baixar a DT. √© s√≥ mudar um numero.",178,0
1575182885673263106,Cellbit,2022-09-28 17:57:20+00:00,@leonardoasanti ‚ù§Ô∏è,1298,12
1573026754289340416,Cellbit,2022-09-22 19:09:38+00:00,@feeeelps t u d o.,3672,63
1569844912161722370,Cellbit,2022-09-14 00:26:08+00:00,@gustavo124365 irado!!!!,2132,23
1568340139818221569,Cellbit,2022-09-09 20:46:42+00:00,sem live hoje https://t.co/rAIxwImFLI,11440,180
1566674722829508608,Cellbit,2022-09-05 06:28:55+00:00,"@skullthug hahaha obrigado! adorei a atmosfera, ansioso pra jogar a vers√£o completa",422,1
1565750916971724800,Cellbit,2022-09-02 17:18:03+00:00,@Fiaspo at√© eu fiquei com medo,5782,67
1564756306535251968,Cellbit,2022-08-30 23:25:49+00:00,@PkCanadianGuy @OsRapazeskk adorei,3206,27
1563718395543035904,Cellbit,2022-08-28 02:41:32+00:00,@amoraartsy feliz aniversario!!!,1928,9
1563324236839563264,Cellbit,2022-08-27 00:35:17+00:00,@Rafa_kamaitachi ‚ô• tamo junto,10320,164
1563196681029812227,Cellbit,2022-08-26 16:08:26+00:00,@lorenaaorsi https://t.co/JjHoP8STCH,4817,106
1563194342583312387,Cellbit,2022-08-26 15:59:08+00:00,@lorenaaorsi https://t.co/gguL8RZIcO,3156,42
1563192389980016640,Cellbit,2022-08-26 15:51:23+00:00,@lorenaaorsi isso √© uma torta de frango amor,3328,52
1563191319870447622,Cellbit,2022-08-26 15:47:08+00:00,@lorenaaorsi eu falei‚Ä¶‚Ä¶‚Ä¶,3742,36
1561177592685858816,Cellbit,2022-08-21 02:25:18+00:00,ansioso pra outubro https://t.co/8BffT8Bh6G,22628,2849
1561015194888937472,Cellbit,2022-08-20 15:39:59+00:00,"Verdadeira Arte
Soberania da Abstin√™ncia
Quando o Sino Tocar

confia. https://t.co/QU1OvoEabO",9516,687
1560593234715299842,Cellbit,2022-08-19 11:43:16+00:00,"@yoon_giih sinto muito que isso tenha acontecido! √© triste ver que mesmo depois de tantos anos e tanta informa√ß√£o, esse tipo de pensamento ainda tenha sobrevivido nos dias de hoje",3797,133
1560592946709139456,Cellbit,2022-08-19 11:42:07+00:00,"@yoon_giih RPG √© um jogo que estimula a criatividade e intera√ß√£o social, esse text√£o √© de algu√©m que provavelmente leu um texto alarmista digno dos anos 90 e acreditou em tudo sem qualquer fundo cientifico, igual ao preconceito de ‚Äúvideogames matam‚Äù

esse pensamento √© retrogrado e antigo",10510,641
1559992544313937921,Cellbit,2022-08-17 19:56:20+00:00,@jaeisatail feliz aniversario!,2572,23
1559604265106251779,Cellbit,2022-08-16 18:13:27+00:00,"@GD_Violett o poder altera o dano base da arma pro combatente, ent√£o ele √© multiplicado no cr√≠tico sim!

no exemplo, a arma fica com 3d6 de dano base gra√ßas ao Golpe Pesado, e fica 6d6 no cr√≠tico.

√© diferente de Amaldi√ßoar Arma, por exemplo, que soma dado de dano no resultado final",1323,37
1559593319663079429,Cellbit,2022-08-16 17:29:57+00:00,@feeeelps meu deus eu sempre achei voc√™s parecidos agora faz sentido!!! eram a mesma pessoa,8890,217
1559313999426195457,Cellbit,2022-08-15 23:00:02+00:00,que saudade do anfitri√£o,23259,2475
1559237060371910657,Cellbit,2022-08-15 17:54:19+00:00,essa √© a pronuncia correta pra quem tava perguntando https://t.co/fN7niOVB9a,20680,2120
1558842964218085376,Cellbit,2022-08-14 15:48:19+00:00,@pErickyto @Nan_Yelo @mestrepedrok @silandcrafts verdade! o conceito inicial do succ n√£o foi feito por mim,485,7
1558824811752787968,Cellbit,2022-08-14 14:36:11+00:00,"@PreduToons209 ele nao entrou por algum erro! ja passei no feedback, a arte e ficha dele estao prontas",1055,15
1558823738220724224,Cellbit,2022-08-14 14:31:55+00:00,"@hades_zitos @LefeasA isso! o ideal √© baixar o PDF pra ler mesmo

tem alguns errinhos e paginas/artes bugadinhas que eu ja passei pra editora corrigir tamb√©m, tudo isso vai ser polido e revisado pra ficar perfeito",128,0
1558823140108771329,Cellbit,2022-08-14 14:29:32+00:00,@Nan_Yelo todos os conceitos de monstros e textos narrativos s√£o meus! mas o @mestrepedrok e a @silandcrafts fizeram o balanceamento das fichas e escreveram as habilidades deles,1849,22
1558820664915673090,Cellbit,2022-08-14 14:19:42+00:00,"to muito orgulhoso do livro de regras do ordem

qual sua parte preferida dele?",20790,534
1558683571979751426,Cellbit,2022-08-14 05:14:57+00:00,@RafaelF87263547 @OrdemParanormal todas as condi√ß√µes t√£o explicadas no final do livro!,1037,9
1558646283686002689,Cellbit,2022-08-14 02:46:46+00:00,@kaellzor üëÅ,1991,48
1558632419133210630,Cellbit,2022-08-14 01:51:41+00:00,muito obrigado. ‚ù§Ô∏è,28356,2114
1558626631161450499,Cellbit,2022-08-14 01:28:41+00:00,sobrou dois,14268,680
1558560696597716992,Cellbit,2022-08-13 21:06:41+00:00,"ATRASINHO PEQUENO, ta dificil pra colocar os cinco caix√µes dentro do estudio, TAMO QUASE!",37340,3759
1558435946852409344,Cellbit,2022-08-13 12:50:58+00:00,o que vai acontecer hoje mesmo? https://t.co/wwhlCVc4JD,25384,2543
1557747988612743168,Cellbit,2022-08-11 15:17:16+00:00,@masteuvps foi pra isso que eu fiz a temporada!!!!,4170,159
1557401736821805056,Cellbit,2022-08-10 16:21:23+00:00,@peqitw @Febatista @MikeLink1 meu deus essa imagem √© CL√ÅSSICA,1159,21
1557379433274789894,Cellbit,2022-08-10 14:52:46+00:00,@kevinvechiatto @ceelpy j√° tenho algu√©m pra me substituir quando eu for assassinado,884,37
1556248477360963585,Cellbit,2022-08-07 11:58:45+00:00,"@beamom curiosidade: o artista dessa arte √© o Preto Pasin, que pintou a maioria dos quadros que apareceram nessa temporadaüëÅÔ∏è",9158,256
1555962910312210432,Cellbit,2022-08-06 17:04:00+00:00,üîî,18926,1925
1555654528602673152,Cellbit,2022-08-05 20:38:36+00:00,sem live hoje porque todo mundo vai morrer amanh√£,26407,2896
1554160179528228865,Cellbit,2022-08-01 17:40:36+00:00,@iamKalera @mestrepedrok era inevit√°vel,3589,30
1553950989358694400,Cellbit,2022-08-01 03:49:21+00:00,@spot_desenhador ‚ù§Ô∏è,2443,18
1553439285709348864,Cellbit,2022-07-30 17:56:01+00:00,a lorena comprou varias meias de mans√£o assombrada e me faz usar uma diferente todo s√°bado pra dar sorte https://t.co/Zak5DvyyIw,25902,1415
1553233637960728577,Cellbit,2022-07-30 04:18:51+00:00,@lucaseduardrz atemorizante bom d+,556,2
1553149671387840514,Cellbit,2022-07-29 22:45:12+00:00,"esqueci de avisar!!
sem live hoje porque preciso escrever a narra√ß√£o de 8 paginas da morte do bisteca pra amanh√£",26579,1394
1553148305009524743,Cellbit,2022-07-29 22:39:46+00:00,"@LittleCarpa n√£o conhecia ele ainda! v√°rios videos muito bons, ele manda super bem",4527,58
1552850116867923968,Cellbit,2022-07-29 02:54:53+00:00,"@catrarinthians √© a melhor coisa a se fazer mesmo!
mas vi algumas pessoas se sentindo atacadas com um pessoal  que descobriu o RPG agora e quis hatear, ent√£o achei uma boa lembrar que todo esse √≥dio vem de gente insegura por ver outras pessoas felizes com algo que eles n√£o entendem
tamo junto ‚ô•",3900,213
1552848057347309568,Cellbit,2022-07-29 02:46:42+00:00,"voc√™ pode reclamar o quanto quiser sobre pessoas se divertindo RPG dadinhos nerdolas tudo que tenho a dizer √© 

3d20 de for√ßa + 5 de luta a criatura pula faz ruarhraghr 2d6+5 de dano de sangue aaaaa teste de sanidade voc√™ tem 3 rodadas para tirar pelo menos 20 no teste de medicin",25296,4507
1552843607031283712,Cellbit,2022-07-29 02:29:01+00:00,"RPG √© uma experi√™ncia incr√≠vel, e voc√™ nunca deveria deixar algu√©m te diminuir por algo que te faz bem

esse ciclo de  ""zoar nerd"" pra tentar ser descolado vai e volta, mas os momentos e sentimentos que jogar dadinhos num mundo imagin√°rio me trouxeram, ningu√©m nunca vai mudar",31017,4638
1551250861598412800,Cellbit,2022-07-24 17:00:00+00:00,@dinotv feliz aniversario dino ‚ù§Ô∏èüíôüíö‚ù§Ô∏è,1007,5
1551238257261907969,Cellbit,2022-07-24 16:09:55+00:00,@BrunoRataque bora!,1468,13
1551028702405869570,Cellbit,2022-07-24 02:17:14+00:00,que epis√≥dio de cair o queixo #OSNI,17994,1487
1550915744682082306,Cellbit,2022-07-23 18:48:22+00:00,"bom dia! √© um novo dia feliz üòÉ
estou empolgado pra hoje!!",19360,766
1550387505404563456,Cellbit,2022-07-22 07:49:20+00:00,"@a_kila77 voc√™ √© foda! vai fazer falta nas artes das streams, mas o pessoal n√£o faz ideia de como essa graphic novel ta ficando linda ‚ù§Ô∏è
seu talento e dedica√ß√£o √© um absurdo",4995,80
1550163552622809090,Cellbit,2022-07-21 16:59:26+00:00,@harvey_sunn t√° terminando de upar! sai em uns 30 minutinhos,146,5
1549596484886208512,Cellbit,2022-07-20 03:26:06+00:00,@becca_guerra @OrdemParanormal @ArtesOSNF fofo!!!,3266,43
1549106444552781826,Cellbit,2022-07-18 18:58:52+00:00,"@Tropia_ @kirbitkk a hist√≥ria realmente n√£o √© nada novo e surpreendente, mas terror (especialmente found footage) dificilmente √© sobre roteiro, achei a apresenta√ß√£o e ritmo impec√°veis",293,2
1548904376936415233,Cellbit,2022-07-18 05:35:55+00:00,"@Modern_Tragedy_ @isprimido hahaha meu nome tava no trending topics por causa do tweet dela que bombou, eu s√≥ respondi porque sabia que meu tweet com os links ia aparecer primeiro pra quem clicasse

nem entendi direito o que ela quis dizer no tweet pra ser sincero, n√£o sabia se era uma piada ou se era f√£",1226,44
1548760454159278080,Cellbit,2022-07-17 20:04:01+00:00,"""Incantation"" √© um dos melhores filmes de terror que eu j√° vi https://t.co/GlMsRPcwze",12092,385
1548751430173032452,Cellbit,2022-07-17 19:28:10+00:00,"bizarro pensar que ele continua fazendo isso todo s√°bado 18:00 em https://t.co/CdUb4IQNIg

e ainda tem coragem de postar epis√≥dios em https://t.co/yAory6v0cN

pra piorar, ainda vende produtos do RPG em https://t.co/TMTUOmV3vl

o cringe chegou at√© na steam https://t.co/gALCxyJ27G https://t.co/u7mKsx688v",16405,2746
1547486288105930752,Cellbit,2022-07-14 07:40:56+00:00,"@thewebpro thanks! always enjoy your games, keep it up (also can't wait for scrutinized 2)",1503,10
1545975326987141121,Cellbit,2022-07-10 03:36:55+00:00,"Bem vindo √† Ilha de Tipora @Rakin ‚ù§Ô∏èüï≥
#OSNI",12577,752
1545973524505952258,Cellbit,2022-07-10 03:29:45+00:00,@cinemagrath feliz anivers√°rio miguel! üéâüéä,9956,637
1544101495322419202,Cellbit,2022-07-04 23:30:59+00:00,@magalzaoshow foto de ontem,2749,26
1544056590592008192,Cellbit,2022-07-04 20:32:33+00:00,@ashenbeats @uselolja @Gohusty @pedromaiagandr s√≥ falta o SENHOR ILHA pra fechar o quarteto lend√°rio,3609,65
1543650652584398850,Cellbit,2022-07-03 17:39:29+00:00,@Danielsmarconn fofo,2144,10
1543427286246072322,Cellbit,2022-07-03 02:51:55+00:00,maldito bisteca se safou mais uma vez,21293,1099
1543292226654150657,Cellbit,2022-07-02 17:55:14+00:00,finalmente chegou sabado!!!!!!!!!!,12526,1149
1542745179068694529,Cellbit,2022-07-01 05:41:28+00:00,"@Decnop_txt @CtrlAltDella @OrdemParanormal se voc√™ conseguir justificar uma vestimenta que melhore seu reflexo ou seu ocultismo, sim

mas acho dif√≠cil voc√™ justificar ter mais reflexo ou conhecimento s√≥ porque est√° vestindo algo, sem influencia paranormal

""o benef√≠cio de cada vestimenta deve ser aprovado pelo mestre""",119,1
1542668709357027328,Cellbit,2022-07-01 00:37:36+00:00,"@Orja_Do_Karma @OrdemParanormal @jamboeditora as criaturas que est√£o agora s√£o mais pra testar o balanceamento, eu pedi pra remover algumas e acabaram saindo muitas hahahah mas em breve a gente lan√ßa um update com mais!
eu escrevi cerca de 50 monstros pro livro, ent√£o pode confiar que vai dar pra morrer de v√°rios jeitos",476,17
1542654064281911297,Cellbit,2022-06-30 23:39:24+00:00,@OrdemParanormal @jamboeditora Falei com a Jamb√¥ e a compra do livro vai ser aberta de novo AMANH√É pra quem n√£o pegou na pr√©-venda poder baixar os cap√≠tulos!,3840,189
1542564540470239232,Cellbit,2022-06-30 17:43:40+00:00,"@bolazildo era pra ter sa√≠do j√°, mas rolou um probleminha no upload. to upando e daqui a pouquinho deve sair",1392,10
1540904212149981184,Cellbit,2022-06-26 03:46:07+00:00,@vncatz jog√£o,276,2
1540891074931171328,Cellbit,2022-06-26 02:53:55+00:00,@Trakoll coincid√™ncia! foram feitos por designers diferentes e acabaram usando a mesma fonte,791,7
1540882911875981318,Cellbit,2022-06-26 02:21:29+00:00,üëªüñº‚ùì#OSNI,16247,1642
1540739770015416322,Cellbit,2022-06-25 16:52:41+00:00,√â HOJE,14971,2058
1540030223403606016,Cellbit,2022-06-23 17:53:12+00:00,"@Dippzada @OrdemParanormal @g0ulaarte rola dois, fica com o pior resultado",905,9
1540029933740851202,Cellbit,2022-06-23 17:52:03+00:00,"@OrdemParanormal @g0ulaarte pro pessoal que t√° com o livro n√£o se assustar com os atributos ""altos""

a regra dos atributos vai mudar na proxima vers√£o. o atributo base agora √© 1, n√£o zero, e voc√™ joga o numero de dados IGUAL ao seu atributo.
por exemplo, o Olivier rola 3d20 pra Agilidade.",5167,164
1540026251477504001,Cellbit,2022-06-23 17:37:25+00:00,@StarlisDet joguei uma one shot com ele usando outros personagens pra eles entenderem o sistema e posso dizer que as pessoas v√£o se surpreender com ele,1691,57
1540023145859620865,Cellbit,2022-06-23 17:25:04+00:00,"ansioso pra s√°bado‚Ä¶!

o segredo na ilha ta me deixando empolgado como eu n√£o ficava h√° muito tempo

tudo pode acontecer",14663,1118
1538686770258272257,Cellbit,2022-06-20 00:54:48+00:00,@the_ximenes @OGrandeJoca voc√™s s√£o simplesmente demais!!! ‚ù§Ô∏è,155,1
1538363956103872518,Cellbit,2022-06-19 03:32:03+00:00,@JuMUTANO mutano voc√™ √© FODA DEMAIS ‚ô•,877,3
1538333313445810177,Cellbit,2022-06-19 01:30:17+00:00,@dumativa ????????????,4278,70
1538331242223095808,Cellbit,2022-06-19 01:22:03+00:00,@Rakin THIAGAO CHUTARA PORTAS MAIS UMA VEZ (desenhadas agora),6560,406
1538329702074572801,Cellbit,2022-06-19 01:15:56+00:00,(brasileiros tamb√©m!),4866,34
1538324299332853760,Cellbit,2022-06-19 00:54:28+00:00,"@GusAzevedo7 @jamboeditora ja falei aqui com o pessoal, eles falaram que o suporte do servidor t√° correndo pra tentar ressucitar o site",228,1
1538322412823105536,Cellbit,2022-06-19 00:46:58+00:00,"@Orenjiro_Art @dumativa ‚ô•‚ô•‚ô• n√£o seria poss√≠vel sem voc√™ dan, muito orgulho e tamo s√≥ come√ßando!!!!",4574,64
1538322260238516225,Cellbit,2022-06-19 00:46:22+00:00,"@RandallRandomm @dumativa simplesmente um MONSTRO PARANORMAL da arte, obrigado por trabalhar com a gente ‚ô•",605,10
1538319207317790725,Cellbit,2022-06-19 00:34:14+00:00,ssshhhh (se voc√™s verem algum streamer/youtuber estrangeiro reagindo ao trailer de enigma of fear clipem e me mandem to bem curioso),17312,667
1538318397246676992,Cellbit,2022-06-19 00:31:01+00:00,@beamom espera vc chegar na ilha pra ver,1873,30
1538317231804846082,Cellbit,2022-06-19 00:26:23+00:00,@PulsatrixStudio @dumativa √© brasil pra cima deles rapazeada!!! ‚ô• ansioso pra jogar Fobia completo em live!,450,19
1538309369883918337,Cellbit,2022-06-18 23:55:08+00:00,@Fiaspo @dumativa ‚ô•,848,3
1538286968613875713,Cellbit,2022-06-18 22:26:07+00:00,@LessaEtAlia uma temporada de cada vez!,228,1
1538285850873810950,Cellbit,2022-06-18 22:21:41+00:00,@marcoscastro @dumativa üíô nao teria sido possivel sem vc!,1696,24
1538285478990028800,Cellbit,2022-06-18 22:20:12+00:00,"@badbutsadboy_ e tem coisa pra analisar, viu?‚Ä¶..",1427,29
1538285267525804044,Cellbit,2022-06-18 22:19:22+00:00,@Core__Core s√≥ se eu puder te enviar um kit especial quando a gente for lan√ßar,6972,123
1538285014886060033,Cellbit,2022-06-18 22:18:22+00:00,@O_Dark_ FALEI.,1059,19
1538284554900889600,Cellbit,2022-06-18 22:16:32+00:00,espero que tenham gostado das fofocas,24511,1612
1538245822109962240,Cellbit,2022-06-18 19:42:37+00:00,"hoje √© dia de revelar segredos!

vejo voc√™s em breve. üëÅ
#SegredosRevelados",16474,2103
1537559656381440000,Cellbit,2022-06-16 22:16:03+00:00,"se voc√™ for streamer, o evento dos #SegredosRevelados desse s√°bado dia 18.06 t√° permitido fazer co-stream reagindo ao vivo na twitch!",15153,887
1536770922048376835,Cellbit,2022-06-14 18:01:54+00:00,"o evento de s√°bado n√£o √© s√≥ pra quem j√° assistiu ou pra quem √© f√£ de ordem paranormal

se voc√™ n√£o conhece ou nunca assistiu absolutamente nada desse universo, alguns segredos podem ser pra voc√™ tamb√©m.",23355,2166
1536153340328943617,Cellbit,2022-06-13 01:07:51+00:00,üëÅÔ∏èüëÅÔ∏èüëÅÔ∏èüëÅÔ∏è https://t.co/YmRaf2gRcA,15891,1600
1536148655010467840,Cellbit,2022-06-13 00:49:14+00:00,@oednaldopereira FELIZ ANIVERSARIO EDNALDO!!! &lt;3,5768,155
1531070895728513024,Cellbit,2022-05-30 00:32:02+00:00,TODO MUNDO TEM UM SEGREDO.,30550,2216
1530051061431603200,Cellbit,2022-05-27 04:59:34+00:00,@dumativa √© mentira duma eu nunca faria isso eu nem sei que jogo √© esse,4553,47
1527319167254204422,Cellbit,2022-05-19 16:04:00+00:00,ansioso pra junho,25277,2081
1526328649892470784,Cellbit,2022-05-16 22:28:02+00:00,o brasil √© PICA DEMAIS ta maluco,21487,860
1526008623155105792,Cellbit,2022-05-16 01:16:22+00:00,"FOUND HORROR GAME 11.EXE

11 jogos de terror escondendo um enigma que nunca foi decifrado

essa jornada t√° s√≥ come√ßando ao vivo agora, e vai ser lembrada daqui a muito tempo

vai ter recap e vamos pro jogo 2 hoje

https://t.co/CdUb4IQNIg https://t.co/a54xazxD1T",6392,552
1525204366147428355,Cellbit,2022-05-13 20:00:32+00:00,"BADGES NOVAS DE SUB T√ÉO NO CHAT

C https://t.co/ODkvD8HOAj",11231,337
1524882513570717699,Cellbit,2022-05-12 22:41:36+00:00,"COME√áANDO WE WERE HERE FOREVER COM O FELPS DEPOIS DE 4 ANOS ESPERANDO O JOGO

https://t.co/CdUb4IQNIg https://t.co/2fOJvDukAJ",13926,647
1523176787416854529,Cellbit,2022-05-08 05:43:40+00:00,C,14414,322
1521624845385150466,Cellbit,2022-05-03 22:56:48+00:00,"foram 10 dias em live sem parar, infelizmente covid chegou no meio da subathon mas mesmo assim foi uma doideira, obrigado a todo mundo que estava l√°

vou ficar em repouso que ainda to ruim e ASSIM QUE EU RECUPERAR DO COVID ESTAMOS DE VOLTA STREAMANDO MAIS HYPADO DO QUE NUNCA",28020,1410
1521369489413132288,Cellbit,2022-05-03 06:02:06+00:00,Acabou.,33235,1679
1518586970611531777,Cellbit,2022-04-25 13:45:22+00:00,@bastet_min ????????,6540,64
