full_text,created_at,id
@cellbit @spot_desenhador @znowzx2,2023-04-13 22:21:00+00:00,1646639651690631171
@cellbit @spot_desenhador @IvNoven,2023-04-13 20:05:12+00:00,1646605477395025941
@cellbit @spot_desenhador Uuuuuu,2023-04-13 12:56:17+00:00,1646497536000098311
"@cellbit @spot_desenhador Oficialmente perdeu a cabe√ßa
(head)",2023-04-13 04:07:54+00:00,1646364564450050048
@cellbit @spot_desenhador @oliverzitu hahahha,2023-04-13 02:33:15+00:00,1646340742455984135
@cellbit @spot_desenhador ISSO VOCE CANONIZA NE,2023-04-13 00:00:21+00:00,1646302263864958978
@cellbit @spot_desenhador nem fodendo,2023-04-12 23:08:45+00:00,1646289279587319811
@cellbit @spot_desenhador @gabrielgraetz,2023-04-12 22:10:18+00:00,1646274568297013249
@cellbit @spot_desenhador Ganhamo,2023-04-12 22:06:11+00:00,1646273534463729664
@cellbit @spot_desenhador @shockingboy_ @PrismaRspaberry,2023-04-12 21:32:56+00:00,1646265164595961856
@cellbit @spot_desenhador a vida √© feita de pequenas conquistas pequenas vit√≥rias do dia-a-dia,2023-04-12 21:32:17+00:00,1646265004046336005
@cellbit @spot_desenhador @DimoNhadimo confirmado,2023-04-12 20:54:23+00:00,1646255466559815682
@cellbit @spot_desenhador @_guiltyin,2023-04-12 20:47:20+00:00,1646253692457218048
@cellbit @spot_desenhador @Alison_com_1_s,2023-04-12 20:05:47+00:00,1646243235164041231
@cellbit @spot_desenhador @Tyros_Moss,2023-04-12 19:49:53+00:00,1646239235089874945
"@cellbit @spot_desenhador @OrdemWiki 
Hora de atualizar a p√°gina da √Ågatha pessoal!",2023-04-12 19:43:13+00:00,1646237553782030337
"@cellbit @spot_desenhador O cara aparece no tt uma vez por m√™s pra falar isso

Incr√≠",2023-04-12 19:26:08+00:00,1646233254603702274
@cellbit @spot_desenhador Se o celbo falou t√° falado,2023-04-12 19:17:00+00:00,1646230959182708743
@cellbit @OrdemWiki coloca a√≠ na wiki,2023-04-12 19:16:11+00:00,1646230753548566625
@cellbit @spot_desenhador OK FDS TE AMO CELLBIT OBRIGADO,2023-04-12 19:02:30+00:00,1646227307080687617
@cellbit @spot_desenhador Sabe MUITO,2023-04-12 18:51:33+00:00,1646224551137918977
@cellbit @spot_desenhador @don1cos,2023-04-12 18:39:28+00:00,1646221512440188928
@cellbit @spot_desenhador YESSSSSS,2023-04-12 18:26:21+00:00,1646218212227551232
@cellbit @spot_desenhador Boneco da agatha no roblox https://t.co/cFTC9EVwh0,2023-04-12 18:26:13+00:00,1646218176567599105
"@cellbit @spot_desenhador Cad√™ meus manos da @OrdemWiki, pra botar isso nas curiosidades da personagem? https://t.co/Nn0xb7Uk5a",2023-04-12 18:23:37+00:00,1646217522008535043
@cellbit @spot_desenhador √â REAL,2023-04-12 18:10:26+00:00,1646214205819740160
@cellbit @spot_desenhador Se tu diz t√° dizido,2023-04-12 18:05:51+00:00,1646213050343604244
@cellbit @spot_desenhador @belyarts KKAHEAJAAJA,2023-04-12 18:04:17+00:00,1646212658734022671
@cellbit @spot_desenhador @meansred07,2023-04-12 17:57:28+00:00,1646210943012028452
@cellbit @spot_desenhador https://t.co/Bp636fuCZk,2023-04-12 17:55:11+00:00,1646210367733874709
"@cellbit @spot_desenhador LET'S
FUCKING
GOOOOOOOOOOOOOO",2023-04-12 17:28:48+00:00,1646203730470092825
@cellbit @OrpheuArt @spot_desenhador @jirassor2 se ele falou ne,2023-04-12 17:27:33+00:00,1646203414626418706
@cellbit @spot_desenhador eu te amo,2023-04-12 17:23:58+00:00,1646202513102716940
@cellbit @spot_desenhador CANON CANON CANON,2023-04-12 17:20:00+00:00,1646201512530526209
@cellbit @spot_desenhador fofo,2023-04-12 17:17:03+00:00,1646200772168761346
@cellbit @spot_desenhador 200% canon,2023-04-12 17:08:51+00:00,1646198707837190169
@cellbit @spot_desenhador Ent√£o ela √© Devil May Cry fag? Se sim o favorito dela √© o definitive edition n√©?(o mais edgy de todos).,2023-04-12 17:07:28+00:00,1646198361219903488
@cellbit @spot_desenhador @Melovrz cannon,2023-04-12 17:04:32+00:00,1646197620539375649
@cellbit @spot_desenhador @CuteAmity_ @jghioru POGGERS,2023-04-12 17:04:19+00:00,1646197566265085952
@cellbit @spot_desenhador Uma vit√≥ria pra quem ama o shadow (eu,2023-04-12 17:04:09+00:00,1646197525408251904
@cellbit @spot_desenhador MDS PENSEI Q ERA MENTIRA,2023-04-12 16:54:48+00:00,1646195171531300870
@cellbit @spot_desenhador MANO,2023-04-12 16:53:47+00:00,1646194916870045705
@cellbit @spot_desenhador @NekolinC,2023-04-12 16:51:56+00:00,1646194450979336192
@cellbit @spot_desenhador @teff696,2023-04-12 16:40:56+00:00,1646191683338485766
@cellbit @spot_desenhador Cellbit eu te vejo como figura materna,2023-04-12 16:37:11+00:00,1646190739095793665
@cellbit @spot_desenhador uouüò¶,2023-04-12 16:35:43+00:00,1646190369611083776
"@cellbit @spot_desenhador @quaaartz07 nunca fui t√£o feliz, e eu nem sei quem √© ela",2023-04-12 16:34:56+00:00,1646190173221273610
@cellbit @spot_desenhador FODA,2023-04-12 16:34:12+00:00,1646189987942088715
@cellbit @spot_desenhador Incr√≠vel a sua capacidade de usar o 1 minuto de twitter que voc√™ usa por dia com tanta maestria,2023-04-12 16:33:50+00:00,1646189893889011712
@cellbit @spot_desenhador MANOKKKKKKKKKKKKK,2023-04-12 16:32:55+00:00,1646189664158588928
@cellbit @spot_desenhador Jaja aparece na wiki,2023-04-12 16:32:54+00:00,1646189658710106113
@cellbit @spot_desenhador E o shadow √© una criatura de Energia com Conhecimento n√©?,2023-04-12 16:31:40+00:00,1646189351317954562
@cellbit @spot_desenhador VAMBORA,2023-04-12 16:31:30+00:00,1646189308041220097
@cellbit @spot_desenhador Bom saber,2023-04-12 16:30:52+00:00,1646189148309536773
@cellbit @spot_desenhador NUNCA DUVIDEIü•≥üéâüéâüéä,2023-04-12 16:30:45+00:00,1646189120333438976
@cellbit @spot_desenhador obrigado,2023-04-12 16:30:14+00:00,1646188987780939790
@cellbit @spot_desenhador Se o criador disse,2023-04-12 16:29:34+00:00,1646188823364157441
@cellbit @spot_desenhador VAMOS,2023-04-12 16:29:20+00:00,1646188762727084033
@cellbit @ArthurH____ @spot_desenhador Agatha f√£ de Sonic confirmado,2023-04-12 16:29:17+00:00,1646188750760820736
@cellbit @spot_desenhador QUE VIT√ìRIA MEUS AMIGOS,2023-04-12 16:28:52+00:00,1646188647396286465
@cellbit @spot_desenhador LESGOOOO,2023-04-12 16:28:50+00:00,1646188635778084864
@cellbit @spot_desenhador GANHAMO,2023-04-12 16:28:35+00:00,1646188575476662279
@cellbit @spot_desenhador VENCEMO,2023-04-12 16:28:27+00:00,1646188542593318915
@cellbit @spot_desenhador ent√£o √© canon porra,2023-04-12 16:28:13+00:00,1646188482627354638
@cellbit @spot_desenhador LESGOOOOOOOOOOOPO,2023-04-12 16:28:11+00:00,1646188472267333634
@cellbit @spot_desenhador quero mais dela cellbit pelo amor de Deus,2023-04-12 16:28:09+00:00,1646188464092659712
@cellbit @spot_desenhador just√≠ssimo,2023-04-12 16:27:46+00:00,1646188370639331328
@cellbit @spot_desenhador Eita,2023-04-12 16:27:25+00:00,1646188282231898119
@cellbit @spot_desenhador VENCEMO POHA,2023-04-12 16:27:15+00:00,1646188239106064389
@cellbit @spot_desenhador GANHAMO FAM√çLIA,2023-04-12 16:26:46+00:00,1646188118075228160
@cellbit @spot_desenhador LESGOOO,2023-04-12 16:26:34+00:00,1646188068200759298
@cellbit @spot_desenhador üò≤,2023-04-12 16:26:27+00:00,1646188038777716744
@cellbit @spot_desenhador quem n√£o acha?,2023-04-12 16:26:21+00:00,1646188012856922113
@cellbit @spot_desenhador YEEEEEES,2023-04-12 16:26:20+00:00,1646188008704557057
@cellbit @spot_desenhador OOOOOH MA GAD,2023-04-12 16:26:09+00:00,1646187962386862082
